Date,IBIT,FBTC,BITB,ARKB,BTCO,EZBC,BRRR,HODL,BTCW,GBTC,BTC,Total
11 Jan 2024,"111,70","227,00","237,90","65,30","17,40","50,10","29,40","10,60","1,00","-95,10","0,00","655,30"
12 Jan 2024,"386,00","195,30","17,40","39,80","28,40","0,00","20,20","0,00","0,00","-484,10","0,00","203,00"
15 Jan 2024,"0,00","0,00","0,00","0,00","0,00","0,00","0,00","0,00","0,00","0,00","0,00","0,00"
16 Jan 2024,"212,70","102,00","50,20","122,30","31,90","0,00","15,30","7,30","0,00","-594,40","0,00","-52,70"
17 Jan 2024,"371,40","358,10","68,20","50,30","57,60","1,20","1,20","4,80","1,60","-460,60","0,00","453,80"
18 Jan 2024,"145,50","177,90","20,10","41,80","58,80","0,00","9,30","2,30","0,00","-582,30","0,00","-126,60"
19 Jan 2024,"201,50","222,30","56,70","62,60","63,40","0,00","10,40","14,20","2,90","-590,40","0,00","43,60"
22 Jan 2024,"260,60","158,70","41,60","65,00","5,60","4,70","9,70","6,80","0,40","-640,50","0,00","-87,40"
23 Jan 2024,"160,10","157,70","26,30","61,80","0,00","1,10","0,00","2,20","0,00","-515,30","0,00","-106,10"
24 Jan 2024,"66,20","125,70","19,10","24,90","19,90","1,20","9,10","4,50","0,40","-429,30","0,00","-158,30"
25 Jan 2024,"170,70","101,00","20,00","16,10","0,00","0,00","6,50","0,00","0,00","-394,10","0,00","-79,80"
26 Jan 2024,"87,10","100,10","30,90","46,40","0,00","1,20","1,80","2,40","0,00","-255,10","0,00","14,80"
29 Jan 2024,"198,40","208,20","20,00","17,20","3,00","0,00","0,00","0,00","0,00","-191,70","0,00","255,10"
30 Jan 2024,"299,20","119,20","21,90","16,80","6,30","2,50","0,00","0,00","2,10","-220,70","0,00","247,30"
31 Jan 2024,"116,20","232,00","17,80","14,80","1,50","0,00","0,60","2,40","0,00","-187,70","0,00","197,60"
01 Feb 2024,"163,90","35,80","4,20","15,90","0,00","0,00","0,00","0,00","0,70","-182,00","0,00","38,50"
02 Feb 2024,"105,80","78,90","11,50","22,60","0,00","2,50","0,00","2,40","0,90","-144,60","0,00","80,00"
05 Feb 2024,"137,30","38,00","0,00","0,00","0,00","0,00","0,00","0,00","0,70","-107,90","0,00","68,10"
06 Feb 2024,"45,20","37,70","11,30","8,60","0,00","0,00","0,00","2,40","1,10","-72,70","0,00","33,60"
07 Feb 2024,"56,20","130,10","21,40","3,30","8,60","5,10","1,20","0,00","0,90","-80,80","0,00","146,00"
08 Feb 2024,"204,10","128,30","60,50","86,40","13,40","0,00","1,90","10,30","1,70","-101,60","0,00","405,00"
09 Feb 2024,"250,70","188,40","29,10","136,50","-17,40","1,40","1,40","2,70","0,50","-51,80","0,00","541,50"
12 Feb 2024,"374,70","151,90","33,00","40,00","-20,80","0,00","1,10","8,50","0,00","-95,00","0,00","493,40"
13 Feb 2024,"493,10","163,60","10,80","40,00","0,00","0,00","0,00","0,00","1,60","-72,80","0,00","636,30"
14 Feb 2024,"224,30","118,90","47,20","101,50","-37,50","9,00","1,00","2,90","3,60","-131,20","0,00","339,70"
15 Feb 2024,"330,90","97,40","120,20","88,90","1,30","3,00","7,40","2,90","0,00","-174,60","0,00","477,40"
16 Feb 2024,"191,40","116,70","20,90","140,00","1,00","0,00","7,90","0,00","2,80","-150,40","0,00","330,30"
19 Feb 2024,"0,00","0,00","0,00","0,00","0,00","0,00","0,00","0,00","0,00","0,00","0,00","0,00"
20 Feb 2024,"154,30","71,70","11,10","27,40","0,00","0,00","0,00","5,90","2,20","-137,00","0,00","135,60"
21 Feb 2024,"96,50","52,50","0,00","10,70","1,00","3,00","0,00","0,00","0,00","-199,30","0,00","-35,60"
22 Feb 2024,"125,10","158,90","7,90","6,70","0,00","0,00","1,20","2,90","4,40","-55,70","0,00","251,40"
23 Feb 2024,"167,50","52,50","12,00","34,50","0,00","1,50","0,00","8,70","0,00","-44,20","0,00","232,50"
26 Feb 2024,"111,80","243,30","37,20","130,60","4,40","7,90","0,00","6,20","0,90","-22,40","0,00","519,90"
27 Feb 2024,"520,20","126,00","18,40","5,40","2,60","16,60","0,00","9,70","3,60","-125,60","0,00","576,90"
28 Feb 2024,"612,10","245,20","9,90","23,80","0,00","0,00","0,00","-3,40","2,20","-216,40","0,00","673,40"
29 Feb 2024,"603,90","44,80","21,70","9,90","-1,50","5,40","0,00","7,00","0,00","-598,90","0,00","92,30"
01 Mar 2024,"202,50","49,30","42,30","55,10","0,00","5,40","0,00","-1,80","0,00","-492,40","0,00","-139,60"
04 Mar 2024,"420,10","404,60","90,90","38,20","-25,70","7,80","3,70","-5,70","-3,20","-368,00","0,00","562,70"
05 Mar 2024,"788,30","125,60","3,70","63,70","-14,20","3,60","0,00","3,50","6,60","-332,50","0,00","648,30"
06 Mar 2024,"281,70","205,70","28,60","41,30","3,00","5,80","40,70","0,00","1,40","-276,20","0,00","332,00"
07 Mar 2024,"244,20","473,40","41,40","42,10","0,00","0,00","41,80","1,90","2,50","-374,80","0,00","472,50"
08 Mar 2024,"336,30","130,30","8,00","1,70","-7,60","8,00","41,40","7,80","0,00","-302,90","0,00","223,00"
11 Mar 2024,"562,90","215,50","49,80","13,00","-9,70","0,00","43,40","118,80","5,80","-494,10","0,00","505,40"
12 Mar 2024,"849,00","51,60","24,60","93,00","-19,70","0,00","39,60","82,90","3,00","-79,00","0,00","1,045,0"
13 Mar 2024,"586,50","281,50","5,60","44,60","0,00","19,10","4,10","16,50","2,30","-276,50","0,00","683,70"
14 Mar 2024,"345,40","13,70","0,00","3,50","0,00","4,00","9,40","13,80","0,00","-257,10","0,00","132,70"
15 Mar 2024,"139,80","155,60","20,50","0,00","0,00","2,00","1,20","15,80","3,30","-139,40","0,00","198,80"
18 Mar 2024,"451,50","5,90","17,60","2,70","0,00","0,00","4,80","5,70","0,00","-642,50","0,00","-154,30"
19 Mar 2024,"75,20","39,60","2,50","0,00","0,00","0,00","0,00","0,00","0,00","-443,50","0,00","-326,20"
20 Mar 2024,"49,30","12,90","18,60","23,30","-10,20","19,00","2,90","9,30","0,00","-386,60","0,00","-261,50"
21 Mar 2024,"233,40","2,90","12,00","2,00","4,20","3,80","4,70","1,80","0,00","-358,80","0,00","-94,00"
22 Mar 2024,"18,90","18,10","16,30","5,40","4,50","29,60","25,50","0,00","0,00","-169,90","0,00","-51,60"
25 Mar 2024,"35,50","261,80","14,00","0,00","18,50","20,50","11,20","4,00","0,00","-350,10","0,00","15,40"
26 Mar 2024,"162,20","279,10","16,70","73,60","26,70","26,30","29,90","15,80","0,00","-212,30","0,00","418,00"
27 Mar 2024,"323,80","1,50","0,00","200,70","4,80","4,00","5,10","1,90","1,50","-299,80","0,00","243,50"
28 Mar 2024,"95,10","68,10","67,00","27,60","3,90","0,00","6,00","20,00","0,00","-104,90","0,00","182,80"
29 Mar 2024,"0,00","0,00","0,00","0,00","0,00","0,00","0,00","0,00","0,00","0,00","0,00","0,00"
01 Apr 2024,"165,90","44,00","1,10","-0,30","4,20","0,00","0,00","2,00","0,00","-302,60","0,00","-85,70"
02 Apr 2024,"150,50","44,80","4,30","-87,50","0,00","0,00","3,70","5,60","0,00","-81,90","0,00","39,50"
03 Apr 2024,"42,00","116,70","23,00","0,00","0,00","3,80","0,00","0,00","3,10","-75,10","0,00","113,50"
04 Apr 2024,"144,00","106,60","11,20","12,00","0,00","0,00","3,40","15,50","0,00","-79,30","0,00","213,40"
05 Apr 2024,"308,80","83,00","7,40","0,00","2,70","0,00","0,00","0,00","0,00","-198,90","0,00","203,00"
08 Apr 2024,"21,30","6,30","40,30","9,30","0,00","0,00","0,00","0,00","2,30","-303,30","0,00","-223,80"
09 Apr 2024,"128,70","3,00","3,80","0,00","0,00","0,00","0,00","0,00","0,00","-154,90","0,00","-19,40"
10 Apr 2024,"33,30","76,30","24,30","7,30","0,00","0,00","0,00","0,00","0,00","-17,50","0,00","123,70"
11 Apr 2024,"192,10","4,60","11,10","0,00","0,00","0,00","8,40","0,00","0,00","-124,90","0,00","91,30"
12 Apr 2024,"111,10","0,00","0,00","0,00","0,00","0,00","0,00","0,00","0,00","-166,20","0,00","-55,10"
15 Apr 2024,"73,40","0,00","0,00","0,00","0,00","0,00","0,00","0,00","0,00","-110,10","0,00","-36,70"
16 Apr 2024,"25,80","1,40","0,00","-12,90","0,00","1,80","1,70","3,60","0,00","-79,40","0,00","-58,00"
17 Apr 2024,"18,10","0,00","-7,30","-42,70","0,00","0,00","0,00","0,00","0,00","-133,10","0,00","-165,00"
18 Apr 2024,"18,80","37,40","12,80","9,50","0,00","0,00","0,00","7,20","0,00","-90,00","0,00","-4,30"
19 Apr 2024,"29,30","54,80","4,90","12,50","3,90","1,90","0,00","-1,80","0,00","-45,80","0,00","59,70"
22 Apr 2024,"19,70","34,80","2,20","22,60","2,70","7,70","0,00","7,50","0,00","-35,00","0,00","62,20"
23 Apr 2024,"37,90","4,40","23,20","33,30","-0,30","1,90","0,00","-1,90","0,00","-66,90","0,00","31,60"
24 Apr 2024,"0,00","5,60","0,00","4,20","0,00","0,00","0,00","0,00","0,00","-130,40","0,00","-120,60"
25 Apr 2024,"0,00","-22,60","-6,00","-31,30","0,00","1,90","-20,20","0,00","0,00","-139,40","0,00","-217,60"
26 Apr 2024,"0,00","-2,80","-3,80","5,40","0,00","0,00","0,00","0,00","0,00","-82,40","0,00","-83,60"
29 Apr 2024,"0,00","-6,90","6,80","-31,30","0,00","1,80","2,70","0,00","0,00","-24,70","0,00","-51,60"
30 Apr 2024,"0,00","-35,30","-34,30","3,60","-2,40","0,00","0,00","0,00","0,00","-93,20","0,00","-161,60"
01 May 2024,"-36,90","-191,10","-29,00","-98,10","-5,40","-13,40","-9,70","-6,50","-6,20","-167,40","0,00","-563,70"
02 May 2024,"0,00","0,00","0,00","13,30","1,50","3,40","2,30","0,00","0,00","-54,90","0,00","-34,40"
03 May 2024,"12,70","102,60","33,50","28,10","33,20","60,90","35,60","8,70","0,00","63,00","0,00","378,30"
06 May 2024,"21,50","99,20","2,10","75,60","11,10","1,80","0,00","1,80","0,00","3,90","0,00","217,00"
07 May 2024,"0,00","4,10","0,00","2,80","6,00","0,00","0,00","0,00","0,00","-28,60","0,00","-15,70"
08 May 2024,"0,00","0,00","11,50","0,00","0,00","0,00","0,00","0,00","0,00","0,00","0,00","11,50"
09 May 2024,"14,20","2,70","6,80","4,40","2,20","1,80","0,00","0,00","0,00","-43,40","0,00","-11,30"
10 May 2024,"12,40","5,30","0,00","0,00","0,00","0,00","0,00","0,00","0,60","-103,00","0,00","-84,70"
13 May 2024,"0,00","38,60","20,30","0,00","0,00","0,00","0,00","7,10","0,00","0,00","0,00","66,00"
14 May 2024,"0,00","8,10","0,00","133,10","5,50","1,80","1,20","1,70","0,00","-50,90","0,00","100,50"
15 May 2024,"0,00","131,30","86,30","38,60","4,60","1,90","3,70","7,50","2,10","27,00","0,00","303,00"
16 May 2024,"93,70","67,10","1,40","62,00","6,20","3,80","18,50","0,00","0,00","4,60","0,00","257,30"
17 May 2024,"38,10","99,40","20,80","10,00","5,70","0,00","6,40","9,50","0,00","31,60","0,00","221,50"
20 May 2024,"66,40","64,00","24,00","68,30","0,00","0,00","0,00","0,00","5,20","9,30","0,00","237,20"
21 May 2024,"290,00","25,80","-4,20","0,00","0,00","0,00","0,00","-5,90","0,00","0,00","0,00","305,70"
22 May 2024,"92,00","74,60","0,00","3,50","0,00","0,00","0,00","0,00","0,00","-16,10","0,00","154,00"
23 May 2024,"89,00","19,10","0,00","2,00","2,00","0,00","0,00","9,50","0,00","-13,70","0,00","107,90"
24 May 2024,"182,10","43,70","6,40","4,10","0,00","0,00","0,00","15,60","0,00","0,00","0,00","251,90"
27 May 2024,"0,00","0,00","0,00","0,00","0,00","0,00","0,00","0,00","0,00","0,00","0,00","0,00"
28 May 2024,"102,50","34,30","3,30","4,10","3,40","0,00","1,20","0,00","1,40","-105,20","0,00","45,00"
29 May 2024,"24,60","17,70","11,00","4,00","1,00","0,00","0,00","0,00","1,10","-31,10","0,00","28,30"
30 May 2024,"1,60","119,10","25,90","-99,90","2,10","0,00","0,00","0,00","0,00","0,00","0,00","48,80"
31 May 2024,"169,10","5,90","0,00","0,00","0,00","0,00","0,00","-1,90","0,00","-124,30","0,00","48,80"
03 Jun 2024,"0,00","77,00","14,30","10,70","0,00","0,00","0,00","2,00","1,10","0,00","0,00","105,10"
04 Jun 2024,"274,40","378,70","61,00","138,70","0,00","0,00","1,60","4,00","0,00","28,20","0,00","886,60"
05 Jun 2024,"155,40","220,60","18,50","71,40","3,60","0,00","0,00","4,00","0,00","14,60","0,00","488,10"
06 Jun 2024,"349,90","3,10","-3,10","-96,60","0,00","0,00","0,00","2,00","0,00","-37,60","0,00","217,70"
07 Jun 2024,"168,30","0,00","-7,90","6,90","0,00","0,00","0,00","0,00","0,00","-36,30","0,00","131,00"
10 Jun 2024,"6,30","-3,00","7,60","0,00","-20,50","0,00","-15,80","0,00","0,00","-39,50","0,00","-64,90"
11 Jun 2024,"0,00","-7,40","-11,70","-56,50","0,00","0,00","0,00","-3,80","0,00","-121,00","0,00","-200,40"
12 Jun 2024,"15,60","50,60","14,50","8,50","0,00","0,00","0,00","11,60","0,00","0,00","0,00","100,80"
13 Jun 2024,"18,20","-106,40","-9,80","-52,70","-2,70","0,00","0,00","-11,30","0,00","-61,50","0,00","-226,20"
14 Jun 2024,"1,50","-80,10","-7,10","-49,00","-2,90","0,00","0,00","0,00","0,00","-52,30","0,00","-189,90"
17 Jun 2024,"0,00","-92,00","2,90","-50,00","0,00","0,00","0,00","-3,80","0,00","-3,00","0,00","-145,90"
18 Jun 2024,"0,00","-83,10","-7,00","0,00","0,00","0,00","0,00","0,00","0,00","-62,30","0,00","-152,40"
19 Jun 2024,"0,00","0,00","0,00","0,00","0,00","0,00","0,00","0,00","0,00","0,00","0,00","0,00"
20 Jun 2024,"1,50","-51,10","-31,50","0,00","-2,00","0,00","0,00","-3,70","0,00","-53,10","0,00","-139,90"
21 Jun 2024,"0,00","-44,80","0,00","-28,80","0,00","1,90","0,00","0,00","0,00","-34,20","0,00","-105,90"
24 Jun 2024,"0,00","-35,20","-8,20","-7,20","-2,40","-20,90","0,00","-10,20","0,00","-90,40","0,00","-174,50"
25 Jun 2024,"0,00","48,80","15,20","-6,20","0,00","0,00","0,00","3,50","0,00","-30,30","0,00","31,00"
26 Jun 2024,"0,00","18,60","0,00","-4,90","0,00","0,00","0,00","3,40","0,00","4,30","0,00","21,40"
27 Jun 2024,"0,00","6,70","8,00","1,80","3,10","3,60","0,00","0,00","0,00","-11,40","0,00","11,80"
28 Jun 2024,"82,40","-25,00","0,00","42,80","0,00","0,00","0,00","0,00","0,00","-27,20","0,00","73,00"
01 Jul 2024,"0,00","65,00","41,40","12,70","3,20","1,80","0,00","5,40","0,00","0,00","0,00","129,50"
02 Jul 2024,"14,10","5,40","-6,80","2,50","0,00","0,00","0,00","3,50","0,00","-32,40","0,00","-13,70"
03 Jul 2024,"0,00","6,50","0,00","0,00","0,00","0,00","0,00","0,00","0,00","-27,00","0,00","-20,50"
04 Jul 2024,"0,00","0,00","0,00","0,00","0,00","0,00","0,00","0,00","0,00","0,00","0,00","0,00"
05 Jul 2024,"0,00","117,40","30,20","11,30","0,00","0,00","0,00","12,80","0,00","-28,60","0,00","143,10"
08 Jul 2024,"187,20","61,50","11,00","8,40","0,00","0,00","0,00","1,60","0,00","25,10","0,00","294,80"
09 Jul 2024,"121,00","91,00","-4,70","43,30","0,00","0,00","0,00","3,30","0,00","-37,50","0,00","216,40"
10 Jul 2024,"22,20","57,80","4,70","5,70","9,50","31,70","20,70","3,30","0,00","-8,20","0,00","147,40"
11 Jul 2024,"72,10","32,70","7,50","4,30","0,00","0,00","0,00","0,00","0,00","-37,70","0,00","78,90"
12 Jul 2024,"120,00","115,10","28,40","13,00","4,00","0,00","0,00","6,60","0,00","23,00","0,00","310,10"
15 Jul 2024,"117,20","36,10","15,20","117,20","7,90","3,70","0,00","3,60","0,00","0,00","0,00","300,90"
16 Jul 2024,"260,20","61,10","17,30","29,80","20,50","9,40","2,20","22,00","0,00","0,00","0,00","422,50"
17 Jul 2024,"110,40","2,80","-6,00","0,00","0,00","0,00","0,00","0,00","0,00","-53,90","0,00","53,30"
18 Jul 2024,"102,70","2,80","0,00","-47,60","0,00","0,00","0,00","1,80","0,00","-22,50","0,00","37,20"
19 Jul 2024,"116,20","141,00","44,60","43,60","6,40","3,90","7,60","41,80","1,80","20,30","0,00","427,20"
22 Jul 2024,"526,70","23,70","-47,70","0,00","13,70","7,90","0,00","-38,40","0,00","0,00","0,00","485,90"
23 Jul 2024,"71,90","0,00","-70,30","-52,30","0,00","0,00","0,00","0,00","0,00","-27,30","0,00","-78,00"
24 Jul 2024,"66,00","1,40","0,00","3,30","0,00","0,00","0,00","0,00","0,00","-26,20","0,00","44,50"
25 Jul 2024,"70,70","0,00","0,00","0,00","0,00","0,00","0,00","0,00","0,00","-39,60","0,00","31,10"
26 Jul 2024,"23,20","4,50","31,40","0,00","0,00","0,00","0,00","19,20","0,00","-26,50","0,00","51,80"
29 Jul 2024,"205,60","-5,90","-21,30","0,00","0,00","0,00","0,00","0,00","0,00","-54,30","0,00","124,10"
30 Jul 2024,"74,90","-2,90","-3,20","-7,90","0,00","0,00","0,00","-5,60","0,00","-73,60","0,00","-18,30"
31 Jul 2024,"21,00","-31,60","-2,50","-4,60","0,00","0,00","0,00","0,00","0,00","0,00","18,00","0,30"
01 Aug 2024,"25,90","-48,40","-20,70","-22,40","0,00","0,00","0,00","-3,60","0,00","-71,30","191,10","50,60"
02 Aug 2024,"42,80","-104,10","-29,40","-87,70","0,00","0,00","0,00","-23,00","0,00","-45,90","9,90","-237,40"
05 Aug 2024,"0,00","-58,00","2,90","-69,00","0,00","0,00","0,00","3,00","0,00","-69,10","21,80","-168,40"
06 Aug 2024,"0,00","-64,50","0,00","-28,90","0,00","-23,00","0,00","0,00","0,00","-32,20","0,00","-148,60"
07 Aug 2024,"52,50","0,00","3,00","0,00","0,00","0,00","0,00","0,00","10,50","-30,60","9,70","45,10"
08 Aug 2024,"157,60","65,20","0,00","32,80","0,00","0,00","0,00","3,40","118,50","-182,90","0,00","194,60"
09 Aug 2024,"9,60","-19,80","-18,10","0,00","0,00","0,00","0,00","0,00","0,00","-77,00","15,60","-89,70"
12 Aug 2024,"13,40","0,00","-17,10","35,40","0,00","0,00","0,00","0,00","0,00","-11,80","7,90","27,80"
13 Aug 2024,"34,60","22,60","16,50","-6,10","0,00","0,00","0,00","0,00","0,00","-28,60","0,00","39,00"
14 Aug 2024,"2,70","-18,00","-5,80","-6,80","0,00","3,40","0,00","0,00","0,00","-56,90","0,00","-81,40"
15 Aug 2024,"0,00","16,20","6,20","0,00","0,00","0,00","0,00","0,00","0,00","-25,00","13,70","11,10"
16 Aug 2024,"20,40","61,30","12,00","13,40","0,00","1,70","0,00","0,00","0,00","-72,90","0,00","35,90"
19 Aug 2024,"92,70","3,90","-25,70","0,00","-8,80","0,00","0,00","0,00","0,00","0,00","0,00","62,10"
20 Aug 2024,"55,40","0,00","-6,50","51,90","0,00","0,00","0,00","0,00","0,00","-12,80","0,00","88,00"
21 Aug 2024,"8,40","10,70","10,00","0,00","2,50","3,50","0,00","0,00","0,00","-9,80","14,20","39,50"
22 Aug 2024,"75,50","9,20","-11,50","7,80","0,00","0,00","0,00","3,40","4,80","-28,40","4,00","64,80"
23 Aug 2024,"86,80","64,00","42,30","23,80","3,20","0,00","2,30","14,40","0,00","-35,60","50,80","252,00"
26 Aug 2024,"224,10","-8,30","-16,60","0,00","0,00","5,50","0,00","-7,20","5,10","0,00","0,00","202,60"
27 Aug 2024,"0,00","0,00","-6,80","-102,00","0,00","0,00","0,00","0,00","0,00","-18,30","0,00","-127,10"
28 Aug 2024,"0,00","-10,40","-8,70","-59,30","0,00","0,00","0,00","-10,10","0,00","-8,00","-8,80","-105,30"
29 Aug 2024,"-13,50","-31,10","-8,10","5,30","0,00","0,00","-1,70","0,00","0,00","-22,70","0,00","-71,80"
30 Aug 2024,"0,00","-12,90","-16,40","-65,00","-11,10","0,00","0,00","0,00","0,00","-70,20","0,00","-175,60"
02 Sep 2024,"0,00","0,00","0,00","0,00","0,00","0,00","0,00","0,00","0,00","0,00","0,00","0,00"
03 Sep 2024,"0,00","-162,30","-25,00","-33,60","-2,30","-8,40","-2,50","-3,30","0,00","-50,40","0,00","-287,80"
04 Sep 2024,"0,00","-7,60","9,50","0,00","0,00","0,00","0,00","-4,90","0,00","-34,20","0,00","-37,20"
05 Sep 2024,"0,00","-149,50","-30,00","0,00","0,00","0,00","0,00","0,00","0,00","-23,20","-8,40","-211,10"
06 Sep 2024,"0,00","-85,50","-14,30","-7,20","0,00","0,00","-4,60","0,00","0,00","-52,90","-5,50","-170,00"
09 Sep 2024,"-9,10","28,60","22,00","6,80","3,10","0,00","0,00","0,00","0,00","-22,80","0,00","28,60"
10 Sep 2024,"0,00","63,20","0,00","12,70","0,00","0,00","0,00","0,00","0,00","0,00","41,10","117,00"
11 Sep 2024,"0,00","12,60","0,00","-54,00","2,60","0,00","0,00","0,00","0,00","-4,60","-0,50","-43,90"
12 Sep 2024,"0,00","11,50","2,20","18,30","0,00","3,40","0,00","4,90","0,00","-6,50","5,20","39,00"
13 Sep 2024,"0,00","102,10","43,10","99,30","0,00","5,20","1,70","5,10","0,00","6,70","0,00","263,20"
16 Sep 2024,"15,80","5,10","0,00","0,00","0,00","5,00","0,00","4,90","0,00","-20,80","2,80","12,80"
17 Sep 2024,"0,00","56,60","45,40","42,20","10,20","8,70","0,00","20,50","3,20","0,00","0,00","186,80"
18 Sep 2024,"0,00","0,00","-3,90","-43,40","0,00","0,00","0,00","0,00","0,00","-8,10","2,70","-52,70"
19 Sep 2024,"0,00","49,90","10,40","81,10","0,00","7,40","0,00","0,00","0,00","0,00","9,50","158,30"
20 Sep 2024,"0,00","26,10","15,10","22,00","3,10","0,00","5,20","7,10","0,00","0,00","13,40","92,00"
23 Sep 2024,"11,50","24,90","0,00","0,00","0,00","0,00","0,00","0,00","0,00","-40,30","8,40","4,50"
24 Sep 2024,"98,90","16,80","17,40","0,00","0,00","0,00","0,00","0,00","0,00","0,00","2,90","136,00"
25 Sep 2024,"184,40","-33,20","2,10","-47,40","0,00","0,00","0,00","0,00","0,00","0,00","0,00","105,90"
26 Sep 2024,"93,40","74,00","50,40","113,80","6,50","5,70","4,60","22,10","0,00","-7,70","2,90","365,70"
27 Sep 2024,"110,80","123,60","12,90","203,10","3,30","0,00","3,30","11,20","0,00","26,20","0,00","494,40"
30 Sep 2024,"72,20","8,30","-9,70","-9,50","0,00","0,00","0,00","0,00","0,00","0,00","0,00","61,30"
01 Oct 2024,"40,80","-144,70","-32,70","-84,30","0,00","0,00","0,00","-15,80","0,00","-5,90","0,00","-242,60"
02 Oct 2024,"-13,70","21,10","-11,50","-60,30","0,00","0,00","0,00","0,00","0,00","-27,30","0,00","-91,70"
03 Oct 2024,"36,00","-37,20","2,60","-58,00","2,40","0,00","0,00","0,00","0,00","0,00","0,00","-54,20"
04 Oct 2024,"0,00","13,60","15,30","5,30","0,00","0,00","0,00","5,30","0,00","-13,90","0,00","25,60"
07 Oct 2024,"97,90","103,70","13,10","12,60","2,50","0,00","0,00","5,40","0,00","0,00","0,00","235,20"
08 Oct 2024,"39,60","-48,80","0,00","0,00","0,00","0,00","0,00","0,00","0,00","-9,40","0,00","-18,60"
09 Oct 2024,"13,90","0,00","-10,00","-44,50","0,00","0,00","0,00","0,00","0,00","0,00","0,00","-40,60"
10 Oct 2024,"-10,80","-33,80","-6,20","-30,30","0,00","0,00","0,00","0,00","0,00","-18,50","-21,20","-120,80"
11 Oct 2024,"0,00","117,10","38,80","97,60","7,90","0,00","0,00","14,30","0,00","-22,10","0,00","253,60"
14 Oct 2024,"79,50","239,30","100,20","69,80","4,90","5,70","2,80","11,20","0,00","37,80","4,70","555,90"
15 Oct 2024,"288,80","35,00","0,70","14,70","0,00","0,00","0,00","7,60","2,80","8,00","13,40","371,00"
16 Oct 2024,"393,40","14,80","12,90","11,50","6,40","11,80","1,90","5,80","0,00","0,00","0,00","458,50"
17 Oct 2024,"309,00","11,70","0,00","100,20","0,00","3,90","0,00","0,00","0,00","45,70","0,00","470,50"
18 Oct 2024,"70,40","18,00","36,00","109,90","16,10","0,00","0,00","23,30","0,00","0,00","0,00","273,70"
21 Oct 2024,"329,00","5,90","-22,10","-6,10","0,00","0,00","0,00","-7,60","0,00","-4,80","0,00","294,30"
22 Oct 2024,"43,00","8,80","0,00","-134,70","0,00","0,00","0,00","3,80","0,00","0,00","0,00","-79,10"
23 Oct 2024,"317,50","0,00","-25,20","-99,00","0,00","0,00","0,00","-5,60","0,00","0,00","4,70","192,40"
24 Oct 2024,"165,50","0,00","29,60","0,00","0,00","0,00","0,00","0,00","0,00","-7,10","0,00","188,00"
25 Oct 2024,"292,00","56,90","2,50","33,40","0,00","0,00","0,00","11,30","0,00","0,00","5,90","402,00"
28 Oct 2024,"315,20","44,10","38,70","59,80","0,00","0,00","0,00","0,00","0,00","0,00","21,60","479,40"
29 Oct 2024,"642,90","133,90","52,50","12,40","0,00","0,00","0,00","16,50","0,00","-17,30","29,20","870,10"
30 Oct 2024,"872,00","12,60","-23,90","7,20","7,20","0,00","6,10","4,10","0,00","0,00","8,00","893,30"
31 Oct 2024,"318,80","-75,20","-74,00","-94,20","0,00","0,00","1,90","-13,90","0,00","-31,10","0,00","32,30"
1 Nov 2024,"0,00","-25,60","-5,60","-24,10","0,00","0,00","-1,70","-5,90","0,00","-5,50","13,50","-54,90"
4 Nov 2024,"38,40","-169,60","-79,80","-138,30","0,00","-17,60","-5,70","-15,30","0,00","-63,70","-89,50","-541,10"
5 Nov 2024,"-44,20","-68,20","19,30","-12,50","0,00","-6,00","-1,30","-3,90","0,00","0,00","0,00","-116,80"
6 Nov 2024,"-69,10","308,80","100,90","127,00","0,00","0,00","-2,60","17,20","0,00","30,90","108,80","621,90"
7 Nov 2024,"1,119,9","190,90","13,40","17,60","0,00","0,00","0,00","4,30","0,00","7,30","20,40","1,373,8"
8 Nov 2024,"206,10","33,50","23,00","0,00","0,00","17,80","0,00","13,00","0,00","0,00","0,00","293,40"
11 Nov 2024,"756,50","135,10","42,70","108,60","8,70","10,10","0,00","0,00","0,00","24,20","28,20","1,114,1"
12 Nov 2024,"778,30","37,20","0,00","-5,40","0,00","0,00","0,00","10,10","0,00","-17,80","15,10","817,50"
13 Nov 2024,"230,80","186,10","12,30","14,50","0,00","0,00","0,00","5,10","0,00","0,00","61,30","510,10"
14 Nov 2024,"126,50","-179,20","-113,90","-161,70","0,00","0,00","0,00","2,50","0,00","-69,60","-5,30","-400,70"
15 Nov 2024,"0,00","-175,10","-7,40","-108,60","0,00","0,00","-1,70","-7,70","0,00","-22,50","-47,00","-370,00"
18 Nov 2024,"89,30","60,00","24,40","13,20","0,00","0,00","0,00","7,70","0,00","5,80","54,40","254,80"
19 Nov 2024,"216,10","256,10","52,80","267,30","0,00","0,00","0,00","7,90","0,00","16,20","13,10","829,50"
20 Nov 2024,"626,50","133,90","9,20","3,80","0,00","0,00","0,00","0,00","0,00","0,00","0,00","773,40"
21 Nov 2024,"608,40","301,00","68,00","17,20","0,00","5,70","0,00","5,60","0,00","-7,80","7,00","1,005,1"
22 Nov 2024,"513,20","21,70","0,00","0,00","5,00","0,00","6,20","5,60","0,00","-67,10","5,70","490,30"
25 Nov 2024,"267,80","-134,70","-280,70","-110,90","-10,90","0,00","0,00","-8,10","0,00","-158,20","0,40","-435,30"
26 Nov 2024,"0,00","-95,70","6,50","0,00","-2,30","0,00","0,00","0,00","0,00","-36,10","4,80","-122,80"
27 Nov 2024,"0,00","40,20","48,00","0,00","0,00","2,80","0,00","0,00","0,00","0,00","12,00","103,00"
28 Nov 2024,"0,00","0,00","0,00","0,00","0,00","0,00","0,00","0,00","0,00","0,00","0,00","0,00"
29 Nov 2024,"137,50","106,50","26,50","7,80","0,00","0,00","0,00","33,10","0,00","0,00","8,60","320,00"
02 Dec 2024,"338,30","25,10","0,00","17,20","0,00","5,60","0,00","-10,90","0,00","-28,10","6,40","353,60"
03 Dec 2024,"693,30","52,20","7,80","-93,50","0,00","0,00","0,00","16,20","0,00","0,00","0,00","676,00"
04 Dec 2024,"571,70","17,30","6,40","0,00","0,00","0,00","0,00","0,00","0,00","-94,30","55,70","556,80"
05 Dec 2024,"770,50","47,50","-10,20","12,30","0,00","0,00","0,00","0,00","0,00","-148,80","95,40","766,70"
06 Dec 2024,"257,00","120,20","0,00","24,90","0,00","0,00","0,00","0,00","0,00","-32,30","6,80","376,60"
09 Dec 2024,"394,10","175,50","-39,00","-34,30","0,00","0,00","0,00","0,00","0,00","-24,40","7,20","479,10"
10 Dec 2024,"295,60","210,50","0,00","5,80","-11,60","0,00","0,00","-5,40","0,00","-62,80","6,40","438,50"
11 Dec 2024,"0,00","121,90","12,20","52,70","0,00","0,00","-2,40","2,90","0,00","20,10","15,70","223,10"
12 Dec 2024,"431,60","30,50","61,40","9,00","0,00","0,00","0,00","0,00","2,60","-48,40","110,80","597,50"
13 Dec 2024,"393,00","60,00","33,20","28,40","0,00","0,00","0,00","8,60","7,00","-105,80","4,50","428,90"
16 Dec 2024,"418,20","116,10","30,70","47,70","0,00","0,00","0,00","0,00","0,00","17,60","6,60","636,90"
17 Dec 2024,"741,40","-128,20","-24,40","-17,00","0,00","0,00","0,00","3,00","0,00","-84,70","3,80","493,90"
18 Dec 2024,"359,60","0,00","-16,60","-6,60","-25,20","0,00","0,00","0,00","0,00","-35,90","0,00","275,30"
19 Dec 2024,"0,00","-208,50","-43,60","-108,40","-26,00","0,00","0,00","-10,90","2,00","-87,90","-188,60","-671,90"
20 Dec 2024,"-72,70","-71,90","0,00","-87,00","0,00","5,60","0,00","0,00","0,00","-57,40","6,40","-277,00"
23 Dec 2024,"31,70","-146,00","-23,70","-15,70","-25,60","0,00","0,00","-2,60","0,00","-38,40","-6,20","-226,50"
24 Dec 2024,"-188,70","-83,20","8,50","-75,00","0,00","0,00","0,00","0,00","0,00","0,00","0,00","-338,40"
25 Dec 2024,"0,00","0,00","0,00","0,00","0,00","0,00","0,00","0,00","0,00","0,00","0,00","0,00"
26 Dec 2024,"56,50","254,40","-8,30","186,90","0,00","0,00","0,00","2,70","0,00","-24,20","7,20","475,20"
27 Dec 2024,"79,40","-208,20","-36,00","-112,60","-14,20","0,00","0,00","0,00","0,00","3,70","0,00","-287,90"
30 Dec 2024,"-36,50","-154,60","-31,40","-26,40","0,00","0,00","0,00","0,00","0,00","-134,50","-31,70","-415,10"
31 Dec 2024,"-23,50","36,80","8,70","-11,20","0,00","0,00","0,00","0,00","0,00","-9,60","4,10","5,30"
01 Jan 2025,"0,00","0,00","0,00","0,00","0,00","0,00","0,00","0,00","0,00","0,00","0,00","0,00"
02 Jan 2025,"-332,60","36,20","48,30","16,50","0,00","0,00","0,00","5,50","0,00","-23,10","6,90","-242,30"
03 Jan 2025,"253,10","357,00","61,10","222,60","0,00","0,00","0,00","5,60","0,00","0,00","8,70","908,10"
06 Jan 2025,"209,10","370,20","71,20","152,90","0,00","8,90","0,00","17,30","0,00","73,80","75,20","978,60"
07 Jan 2025,"596,10","-86,30","-113,80","-212,60","0,00","-5,60","0,00","0,00","0,00","-125,40","0,00","52,40"
08 Jan 2025,"-124,00","-258,70","-11,30","-148,30","-9,40","-8,20","0,00","0,00","0,00","-8,90","0,00","-568,80"
09 Jan 2025,"0,00","0,00","0,00","0,00","0,00","0,00","0,00","0,00","0,00","0,00","0,00","0,00"
10 Jan 2025,"-183,60","16,60","-1,60","5,70","0,00","0,00","0,00","0,00","0,00","13,50","0,00","-149,40"
13 Jan 2025,"29,50","-113,60","-18,60","-92,40","0,00","0,00","0,00","0,00","0,00","-89,00","0,00","-284,10"
14 Jan 2025,"-219,50","0,00","-8,90","2,90","0,00","0,00","0,00","5,50","10,20","0,00","0,00","-209,80"
15 Jan 2025,"31,90","463,10","32,70","138,80","4,50","2,90","0,00","17,00","0,00","50,50","13,70","755,10"
16 Jan 2025,"527,90","4,40","2,70","155,40","0,00","0,00","0,00","5,70","0,00","-70,00","0,00","626,10"
17 Jan 2025,"375,90","326,30","208,10","97,20","6,30","0,00","0,00","11,90","4,50","20,80","21,80","1,072,8"
20 Jan 2025,"0,00","0,00","0,00","0,00","0,00","0,00","0,00","0,00","0,00","0,00","0,00","0,00"
21 Jan 2025,"661,90","7,00","-17,40","8,50","0,00","6,20","0,00","0,00","0,00","0,00","136,40","802,60"
22 Jan 2025,"344,30","0,00","-34,70","-13,00","0,00","0,00","0,00","0,00","0,00","-47,90","0,00","248,70"
23 Jan 2025,"154,60","9,20","42,10","8,40","12,40","0,00","0,00","0,00","0,00","-49,90","11,90","188,70"
24 Jan 2025,"155,70","186,10","-8,60","168,70","0,00","0,00","0,00","0,00","2,80","0,00","13,00","517,70"
27 Jan 2025,"63,90","-268,60","-88,60","-50,10","0,00","0,00","0,00","-5,70","0,00","-108,50","0,00","-457,60"
28 Jan 2025,"30,10","0,00","0,00","-11,70","0,00","0,00","0,00","0,00","0,00","0,00","0,00","18,40"
29 Jan 2025,"-28,40","18,20","-4,00","0,00","0,00","0,00","0,00","0,00","0,00","0,00","106,20","92,00"
30 Jan 2025,"321,50","209,10","23,00","12,60","5,20","6,10","0,00","6,00","0,00","0,00","4,60","588,10"
31 Jan 2025,"363,80","0,00","-56,00","35,60","0,00","0,00","0,00","5,80","0,00","-30,60","0,00","318,60"
03 Feb 2025,"0,00","-177,60","-5,50","-50,70","0,00","0,00","0,00","-8,60","0,00","8,00","0,00","-234,40"
04 Feb 2025,"249,00","0,00","16,10","56,10","0,00","0,00","0,00","0,00","0,00","19,50","0,00","340,70"
05 Feb 2025,"44,40","10,60","0,00","0,00","0,00","0,00","0,00","0,00","11,40","0,00","0,00","66,40"
06 Feb 2025,"0,00","-103,20","0,00","0,00","0,00","0,00","0,00","0,00","0,00","-42,20","5,20","-140,20"
07 Feb 2025,"21,90","52,50","10,50","59,00","0,00","5,60","0,00","21,80","0,00","0,00","0,00","171,30"
10 Feb 2025,"55,40","-136,10","0,00","0,00","-34,00","-19,80","0,00","-5,50","0,00","-46,30","0,00","-186,30"
11 Feb 2025,"23,80","-43,60","-9,30","0,00","-9,50","-11,00","0,00","0,00","-7,10","0,00","0,00","-56,70"
12 Feb 2025,"-22,10","-102,00","-25,90","-97,00","-9,70","0,00","-3,70","0,00","0,00","-6,90","16,30","-251,00"
13 Feb 2025,"26,20","-94,50","-15,70","-52,70","-4,80","-8,40","0,00","-1,00","0,00","-6,90","0,00","-157,80"
14 Feb 2025,"22,30","94,00","8,00","-13,20","0,00","0,00","0,00","-4,40","0,00","-47,00","6,50","66,20"
17 Feb 2025,"0,00","0,00","0,00","0,00","0,00","0,00","0,00","0,00","0,00","0,00","0,00","0,00"
18 Feb 2025,"68,40","-16,40","-112,70","0,00","0,00","0,00","0,00","0,00","0,00","0,00","0,00","-60,70"
19 Feb 2025,"0,00","-48,40","0,00","-8,70","0,00","0,00","-2,20","-4,80","0,00","0,00","0,00","-64,10"
20 Feb 2025,"-112,00","-88,20","24,10","-98,30","0,00","0,00","0,00","4,20","0,00","-33,50","-61,10","-364,80"
21 Feb 2025,"21,60","-12,50","-16,60","0,00","0,00","0,00","0,00","4,70","0,00","-60,10","0,00","-62,90"
24 Feb 2025,"-158,60","-247,00","-10,30","-22,60","-15,00","0,00","0,00","-7,30","-12,50","-59,50","-6,20","-539,00"
25 Feb 2025,"-164,40","-344,70","-88,30","-126,20","-62,00","-74,10","-100,00","-10,00","-17,30","-66,10","-85,80","(1,138,9)"
26 Feb 2025,"-418,10","-145,70","-13,60","-60,50","-16,80","-9,70","0,00","0,00","-11,50","-22,70","-56,00","-754,60"
27 Feb 2025,"-189,00","-7,30","17,60","0,00","0,00","-7,20","-12,80","-10,60","-53,80","-7,30","-5,50","-275,90"
28 Feb 2025,"-244,60","176,00","4,60","193,70","0,00","0,00","0,00","-7,70","0,00","-33,30","5,60","94,30"
03 Mar 2025,"-78,00","0,00","0,00","58,20","0,00","0,00","0,00","0,00","0,00","-54,40","0,00","-74,20"
04 Mar 2025,"0,00","-46,10","-24,00","-43,90","-16,50","-35,70","0,00","0,00","-13,10","0,00","35,80","-143,50"
05 Mar 2025,"38,90","0,00","-6,90","0,00","-9,90","0,00","0,00","0,00","0,00","0,00","0,00","22,10"
06 Mar 2025,"-50,60","0,00","0,00","-17,80","0,00","-18,00","0,00","-8,20","-5,20","-34,50","0,00","-134,30"
07 Mar 2025,"-39,90","-154,90","-18,60","-160,00","0,00","0,00","0,00","0,60","0,00","-36,50","0,00","-409,30"
10 Mar 2025,"-89,20","-134,00","-6,80","-90,90","-14,20","-13,60","0,00","0,00","0,00","-20,60","0,00","-369,30"
11 Mar 2025,"-151,30","-107,10","-9,10","0,00","-14,90","-33,70","-3,40","-0,60","-15,40","-35,50","0,00","-371,00"
12 Mar 2025,"-47,10","0,00","0,00","82,60","-12,40","0,00","0,00","0,00","-3,50","-11,80","5,50","13,30"
13 Mar 2025,"45,70","-75,50","-11,00","-60,20","0,00","-7,00","0,00","0,00","-14,50","-12,70","0,00","-135,20"
14 Mar 2025,"-96,20","9,20","23,00","100,50","0,00","0,00","0,00","4,80","0,00","0,00","0,00","41,30"
17 Mar 2025,"42,30","127,30","2,30","88,50","0,00","0,00","0,00","0,00","0,00","0,00","14,20","274,60"
18 Mar 2025,"218,10","0,00","0,00","-9,00","0,00","0,00","0,00","0,00","0,00","0,00","0,00","209,10"
19 Mar 2025,"0,00","0,00","12,10","0,00","-10,20","0,00","0,00","0,00","0,00","5,40","4,50","11,80"
20 Mar 2025,"172,10","9,20","-17,40","0,00","0,00","-7,30","0,00","11,90","0,00","-8,00","5,20","165,70"
21 Mar 2025,"105,00","0,00","0,00","0,00","0,00","0,00","0,00","0,00","0,00","-21,90","0,00","83,10"
24 Mar 2025,"18,10","82,90","19,20","-41,00","0,00","0,00","0,00","5,00","0,00","0,00","0,00","84,20"
25 Mar 2025,"42,00","0,00","-10,10","0,00","0,00","0,00","0,00","0,00","-5,10","0,00","0,00","26,80"
26 Mar 2025,"107,90","0,00","-18,30","0,00","0,00","0,00","0,00","0,00","0,00","0,00","0,00","89,60"
27 Mar 2025,"4,00","97,10","0,00","0,00","-7,00","0,00","0,00","0,00","-5,10","0,00","0,00","89,00"
28 Mar 2025,"0,00","-93,20","0,00","0,00","0,00","0,00","0,00","0,00","0,00","0,00","0,00","-93,20"
31 Mar 2025,"15,10","0,00","-19,90","-23,20","0,00","0,00","0,00","0,00","-32,60","0,00","0,00","-60,60"
01 Apr 2025,"0,00","-85,40","24,50","-87,40","0,00","7,40","0,00","0,00","-6,80","-10,10","0,00","-157,80"
02 Apr 2025,"-115,90","118,80","33,40","130,20","0,00","10,00","0,00","7,30","0,00","0,00","34,30","218,10"
03 Apr 2025,"65,30","-23,30","-44,20","-20,00","0,00","0,00","0,00","-12,20","-5,20","-60,20","0,00","-99,80"
04 Apr 2025,"0,00","0,00","-17,90","-21,80","0,00","0,00","0,00","0,00","0,00","-25,20","0,00","-64,90"
07 Apr 2025,"0,00","0,00","0,00","-4,70","-12,90","0,00","0,00","-6,10","-6,20","-74,00","0,00","-103,90"
08 Apr 2025,"-252,9",0,"-21,7","-19,9","-6,9","-8,9",0,0,0,"-8,5","-7,5","-326,3"
09 Apr 2025,"-89,7",0,"6,7",0,0,0,0,"-4,7","-5,7","-33,8",0,"-127,2"
10 Apr 2025,0,"-74,6","-10,8","-12,7","-7,5","-9,2",0,0,0,"-44,6","9,9","-149,5"
11 Apr 2025,0,0,"-12,3","11,3",0,0,0,0,0,0,0,-1
14 Apr 2025,"36,7","-35,2",0,0,0,0,0,0,0,0,0,"1,5"
15 Apr 2025,"38,2",0,11,"13,4",0,"4,9",0,0,0,0,"8,9","76,4"
16 Apr 2025,"30,6","-113,8","12,8","-113,2","6,7",0,0,"2,4",0,0,"3,4","-171,1"
17 Apr 2025,81,"25,9",0,0,0,0,0,0,0,0,0,"106,9"
18 Apr 2025,0,0,0,0,0,0,0,0,0,0,0,0
21 Apr 2025,"41,6","87,6","45,1","116,1",0,"10,1",0,"11,7",0,"36,6","32,5","381,3"
22 Apr 2025,"193,5","253,8","76,7","267,1","18,3","10,6",0,"6,5",0,"65,1","21,1","912,7"
23 Apr 2025,"643,2","124,4","-15,2","129,5",0,0,0,"5,3",0,0,"29,8",917
24 Apr 2025,"327,3",0,"10,2",97,"7,5",0,0,0,0,0,0,442
25 Apr 2025,"240,1",108,0,"11,4",0,0,0,"8,1",0,"-7,5","19,9",380
28 Apr 2025,"970,9","-86,9","-21,1","-226,3",0,0,0,"-2,7",0,"-42,7",0,"591,2"
29 Apr 2025,"216,7","-6,2","-24,4","-13,3",0,0,0,0,0,0,0,"172,8"
30 Apr 2025,267,"-137,5",-23,"-130,8",0,0,0,0,0,-32,0,"-56,3"
01 May 2025,"351,4","29,5","38,4","-87,2","10,6",0,0,"21,9",0,16,"41,9","422,5"
02 May 2025,"674,9",0,0,0,0,0,0,0,0,0,0,"674,9"
05 May 2025,"531,2","-57,8","-22,7","-6,1",0,"-2,7",0,0,0,"-16,4",0,"425,5"
06 May 2025,"36,7",0,0,"-16,1",0,"-8,3",0,"-8,1",0,"-89,9",0,"-85,7"
07 May 2025,"37,2","39,9","10,5","54,7",0,0,0,0,0,0,0,"142,3"
08 May 2025,69,"35,3",0,"13,1",0,0,0,0,0,0,0,"117,4"
09 May 2025,"356,2",45,"-14,6",0,0,0,0,0,0,"-65,2",0,"321,4"
12 May 2025,"69,4","-11,1","-17,7",0,"-2,5",0,0,0,0,"-32,9",0,"5,2"
13 May 2025,0,"-91,4",0,0,0,0,0,0,0,0,0,"-91,4"
14 May 2025,"232,9","36,1","2,8","5,2",0,0,0,"7,3",0,0,"35,2","319,5"
15 May 2025,"409,7","-123,7",0,-132,0,0,0,0,0,"-39,1",0,"114,9"
